,X1,X2,X3,y
0,3.745401188473625,9.50714306409916,7.319939418114051,4.014867678311691
1,5.986584841970366,1.5601864044243652,1.5599452033620265,18.711244369193377
2,0.5808361216819946,8.661761457749352,6.011150117432088,-3.258454121893757
3,7.080725777960454,0.20584494295802447,9.699098521619943,21.088844802150973
4,8.324426408004218,2.1233911067827616,1.8182496720710062,24.47494067725763
5,1.8340450985343382,3.0424224295953772,5.247564316322379,6.195456362055249
6,4.319450186421157,2.9122914019804194,6.118528947223795,11.934598644430189
7,1.3949386065204183,2.9214464853521815,3.663618432936917,5.124999201220678
8,4.56069984217036,7.851759613930136,1.9967378215835974,5.203402835811414
9,5.142344384136116,5.924145688620425,0.46450412719997725,11.15553894547645
10,6.075448519014383,1.7052412368729153,0.6505159298527952,17.11296030510639
11,9.488855372533333,9.656320330745594,8.08397348116461,15.781883748595089
12,3.0461376917337066,0.9767211400638387,6.842330265121569,9.92091967503977
13,4.4015249373960135,1.2203823484477883,4.951769101112702,15.652041900342613
14,0.34388521115218396,9.093204020787821,2.587799816000169,-5.681395190757714
15,6.62522284353982,3.1171107608941098,5.200680211778108,19.356251905693114
16,5.4671027934327965,1.8485445552552704,9.695846277645586,15.913702054223368
17,7.7513282336111455,9.394989415641891,8.948273504276488,11.396975327664649
18,5.978999788110851,9.218742350231167,0.884925020519195,7.768484210051071
19,1.959828624191452,0.45227288910538066,3.2533033076326436,10.592655713559111
20,3.8867728968948203,2.713490317738959,8.287375091519294,11.304845683013632
21,3.567533266935893,2.8093450968738076,5.426960831582485,9.999331754600563
22,1.4092422497476265,8.021969807540398,0.7455064367977082,-0.9432399188266224
23,9.868869366005173,7.722447692966574,1.987156815341724,20.907018919620587
24,0.05522117123602399,8.154614284548341,7.068573438476172,-3.5300853974654887
25,7.2900716804098735,7.712703466859457,0.7404465173409036,15.418434270686262
26,3.5846572854427263,1.1586905952512971,8.631034258755935,12.211445853516175
27,6.232981268275579,3.308980248526492,0.6355835028602363,15.285629186375122
28,3.109823217156622,3.2518332202674705,7.29606178338064,8.458893017447316
29,6.3755747135521315,8.872127425763265,4.722149251619493,10.552664379547297
30,1.195942459383017,7.13244787222995,7.607850486168974,-1.5328402244290071
31,5.612771975694963,7.70967179954561,4.937955963643907,8.823172864887631
32,5.227328293819941,4.275410183585496,0.2541912674409519,13.28161639579714
33,1.0789142699330445,0.3142918568673425,6.364104112637804,7.271483095021349
34,3.143559810763267,5.085706911647028,9.07566473926093,6.788848228343321
35,2.4929222914887497,4.103829230356297,7.555511385430487,5.549215317594249
36,2.2879816549162246,0.7697990982879299,2.8975145291376805,9.565794505139277
37,1.6122128725400442,9.29697652342573,8.08120379564417,-3.0500727910290695
38,6.334037565104235,8.714605901877178,8.036720768991145,11.267765241632762
39,1.8657005888603584,8.925589984899778,5.393422419156507,-0.01120717500508528
40,8.074401551640625,8.960912999234932,3.1800347497186388,12.58672041778155
41,1.1005192452767676,2.279351625419417,4.271077886262563,4.086565302496209
42,8.18014765922493,8.607305832563434,0.06952130531190703,13.625072893896126
43,5.107473025775658,4.17411003148779,2.2210781047073027,12.1097265922469
44,1.198653673336828,3.3761517140362796,9.429097039125192,3.8618141567081743
45,3.2320293202075523,5.187906217433661,7.030189588951778,5.404940619899958
46,3.63629602379294,9.717820827209607,9.624472949421111,1.5074952537055077
47,2.5178229582536416,4.972485058923855,3.0087830981676964,4.32361795284398
48,2.848404943774676,0.36886947354532795,6.095643339798968,11.88563632058124
49,5.026790232288615,0.5147875124998935,2.7864646423661146,17.018574902757916
50,9.082658859666537,2.395618906669724,1.448948720912231,24.110166907825423
51,4.89452760277563,9.856504541106007,2.4205527151150044,5.585334429751267
52,6.721355474058786,7.616196153287175,2.3763754399239967,12.117273216615088
53,7.282163486118596,3.677831327192532,6.3230583059357945,18.520356012339395
54,6.335297107608947,5.357746840747585,0.902897700544083,16.0823986504238
55,8.35302495589238,3.2078006497173583,1.8651851039985423,23.373662661860468
56,0.40775141554763916,5.908929431882418,6.775643618422825,-2.3709180163174013
57,0.16587828927856152,5.12093058299281,2.2649577519793795,0.09931144148420645
58,6.451727904094499,1.7436642900499144,6.90937738102466,19.848319166667938
59,3.867353463005374,9.367299887367345,1.3752094414599325,2.279360503920003
60,3.410663510502585,1.1347352124058907,9.246936182785628,12.983754165124253
61,8.77339353380981,2.579416277151556,6.59984046034179,25.376116220355208
62,8.172222002012159,5.5520081159946235,5.296505783560065,17.645600459592437
63,2.418522909004517,0.9310276780589921,8.972157579533267,9.011571237826239
64,9.004180571633304,6.33101457273268,3.390297910487007,20.930895408647547
65,3.492095746126609,7.259556788702394,8.971102599525771,5.290266529699299
66,8.870864242651173,7.798755458576238,6.420316461542877,18.37013033157597
67,0.8413996499504883,1.6162871409461377,8.985541885270793,5.504543772141353
68,6.0642905965958995,0.09197051616629648,1.014715428660321,20.441057793018338
69,6.635017691080558,0.05061583846218687,1.6080805141749865,20.200333093235688
70,5.487337893665861,6.918951976926932,6.519612595026006,11.462920068473784
71,2.242693094605598,7.121792213475358,2.3724908749680007,3.23017207277134
72,3.2539969815926773,7.464914051180242,6.496328990472147,3.9477048484973767
73,8.49223410494178,6.576128923003433,5.683086033354716,18.29575360493647
74,0.9367476782809248,3.6771580305943354,2.6520236768172545,1.3981720564333873
75,2.4398964337908358,9.730105547524456,3.930977246667604,-0.06213081653442332
76,8.920465551771134,6.311386259972629,7.948113035416484,20.29955780917482
77,5.026370931051921,5.769038846263591,4.925176938188639,10.58088969511418
78,1.952429877980445,7.224521152615053,2.807723624408558,2.336002671683552
79,0.2431596643145384,6.454722959071678,1.7711067940704894,-2.4718456210796083
80,9.404585843529143,9.539285770025874,9.148643902204485,17.62892761068541
81,3.7015870025544437,0.15456616528867428,9.283185625877254,13.048823769347585
82,4.281841483173143,9.666548190436696,9.636199770892528,4.0811937285345845
83,8.530094554673601,2.944488920695857,3.8509772860192526,22.617495423946142
84,8.511366715168569,3.1692200515627764,1.6949274668609249,22.70066064808703
85,5.568012624583502,9.36154774160781,6.96029796674973,7.316647342696027
86,5.700611700893649,0.9717649377076854,6.150072266991698,17.953938731313233
87,9.900538501042632,1.4008401523652403,5.183296523637368,28.8963852412098
88,8.773730719279554,7.407686177542044,6.97015740995268,17.608339147910215
89,7.024840839871093,3.5949115121975517,2.9359184426449336,16.64163118430199
90,8.093611554785136,8.101133946791808,8.670723185801037,17.26225205501809
91,9.132405525564714,5.113423988609378,5.015162946871996,23.076359106271017
92,7.9829517896677515,6.4996393077776515,7.019668772577034,15.86554960973058
93,7.95792669436101,8.900053418175663,3.379951568515358,14.904460439336923
94,3.75582952639944,0.93981939840869,5.78280140996174,12.758815767356827
95,0.35942273796742086,4.655980181324601,5.426446347075766,0.5748678426600907
96,2.865412521282844,5.9083326056901075,0.3050024993904943,5.367756305392475
97,0.37348188749214417,8.226005606596583,3.601906414112629,-4.1719098095018605
98,1.2706051265188478,5.222432600548044,7.699935530986108,1.1258280300530705
99,2.1582102749684315,6.228904758190002,0.85347464993768,2.2302989252768173
100,0.516817211686077,5.31354631568148,5.406351216101065,-1.0004044650838253
101,6.374299014982066,7.260913337226615,9.758520794625346,11.390829324552781
102,5.163003483011953,3.2295647294124596,7.9518619476870365,13.964852742185574
103,2.708322512620742,4.389714207056361,0.7845638134226596,5.787389243973471
104,0.2535074341545751,9.626484146779251,8.359801205122059,-5.235960325036043
105,6.95974206093698,4.089529444142698,1.7329432007084578,18.97916597470714
106,1.5643704267108605,2.502428981645953,5.4922666470612045,5.327958047431965
107,7.145959227000623,6.601973767177313,2.7993389694594284,15.181934047424159
108,9.54865280663194,7.378969166957685,5.543540525114007,20.516554126533563
109,6.117207462343522,4.196000624277899,2.4773098950115746,15.7298201776446
110,3.559726786512616,7.578461104643691,0.14393488629755868,4.881118908625198
111,1.1607264050691624,0.4600264202175275,0.40728802318970136,8.092466726771596
112,8.554605840110073,7.036578593800237,4.741738290873252,18.42486924039555
113,0.9783416065100148,4.916158751168323,4.734717707805657,0.3088010925457514
114,1.7320186991001518,4.33851649237973,3.9850473439737346,4.992983021283977
115,6.158500980522165,6.350936508676438,0.4530400977204452,13.662419478160428
116,3.746126146264712,6.258599157142363,5.031362585800877,6.091710272912364
117,8.564898411883222,6.58693631618945,1.629344270814297,18.545860285728317
118,0.7056874740042984,6.424192782063156,0.26511310541621813,-0.26148366065397155
119,5.8577558127346325,9.402302414249576,5.75474177875879,8.152312815157728
120,3.881699262065219,6.432882184423532,4.582528904915167,8.057767581620823
121,5.45616789315935,9.41464808776525,3.8610263780077423,9.706714522199434
122,9.611905638239142,9.053506419560637,1.9579113478929644,17.379570359490106
123,0.6936130087516545,1.0077800137742665,0.18221825651549728,4.1436519021962415
124,0.944429607559284,6.830067734163569,0.7118864846022899,-0.5311886664931964
125,3.189756302937613,8.448753109694545,0.23271935735825866,3.5574495308367218
126,8.144684825889358,2.8185477477339993,1.1816482762165625,21.748588393597828
127,6.967371653641506,6.28942846779884,8.77472013527053,16.324375636066193
128,7.350710438038858,8.034809303848485,2.820345725713065,12.396399130755714
129,1.7743954377972282,7.506147516408584,8.06834739267264,1.121530197834382
130,9.905051420006734,4.126176769114265,3.720180857927832,24.205355606320826
131,7.764129607419968,3.4080354025301784,9.307573256035647,22.040059441721002
132,8.584127518430119,4.289940273750183,7.508710677914974,23.304905820743198
133,7.545428740846823,1.031238688359326,9.025529066795666,21.859428838302517
134,5.052523724478571,8.264574661077416,3.2004960103061175,7.164262581994949
135,8.955232284962005,3.892016787341631,0.1083765148029836,23.57724845457486
136,9.053819764192637,0.9128667678613356,3.1931363759041487,26.151978639258477
137,9.50061967050805,9.506071469375561,5.734378881232861,17.298852195087214
138,6.318372121697992,4.4844552197831975,2.9321077169806453,15.439972461047553
139,3.2866454536991596,6.725184560770384,7.5237452943768,3.2267190051257826
140,7.915790437258485,7.896181427945539,0.9120610304869037,15.300220633517329
141,4.944203047025814,0.5755876001664428,5.495288823237355,15.980074723300632
142,4.41530501373377,8.877041827582998,3.5091501255207866,4.8926895188350565
143,1.1706701642760586,1.4299168205283586,7.615106317174723,7.65440722952493
144,6.182180633162611,1.0112267612279024,0.8410680611499743,17.98547257515379
145,7.009691314591199,0.7276300636419353,8.218600592903563,22.464277396855657
146,7.062422271564962,0.8134878064189976,0.8483771408519192,21.4009073808778
147,9.866395785011754,3.742707957561203,3.706421470668909,24.894979744960107
148,8.127995672575025,9.472485773838587,9.860010638228708,14.743378148882972
149,7.533781852589416,3.762595855309158,0.8350071669866876,19.659390899671443
150,7.771469159274368,5.58404249735805,4.242220092469763,18.29843489857579
151,9.06354385094736,1.1119748230615134,4.926251042908591,27.292674500227445
152,0.11353644767419069,4.6866064199412625,0.5630327568183735,-0.6713949679273612
153,1.1881791626807192,1.1752624677710488,6.492103021160636,5.947896210868789
154,7.460448792654233,5.833687650971596,9.621725484745419,15.565546273911869
155,3.748705795237041,2.8571208628186073,8.685991281894603,10.117808922731319
156,2.235958385194526,9.632225394406113,0.12154474689816341,1.9803199150077044
157,9.69878826707639,0.43159911950576113,8.911431136980712,29.97373130502085
158,5.277011090862999,9.929647961193004,0.7379656473539886,4.925875807517873
159,5.538542844013207,9.69302535619099,5.230978441701488,5.89226872586026
160,6.293986381352625,6.957486889846171,4.545410647677732,12.867847747284648
161,6.275580800840634,5.843143119231002,9.01158010490989,14.22444505640235
162,0.4544638034145787,2.809631895922303,9.504114840765588,3.313485068747048
163,8.902637838909163,4.55656752785713,6.201325978015367,21.533757770290656
164,2.7738118298113266,1.881211597237613,4.636984049399821,9.551621397840279
165,3.533522280260528,5.836561118508721,0.7773463696498484,7.157811882600212
166,9.743948076661665,9.86210744479603,6.981617140197452,17.61123426419226
167,5.360963663441204,3.0952761628632777,8.137950197069486,12.468777390419543
168,6.847311725538793,1.626169393448913,9.109271844938425,19.937076411133095
169,8.22537242923169,9.49799913291924,7.2571950838836,13.314425679315825
170,6.134151959357899,4.182430362906189,9.327284833540133,15.491674881815834
171,8.660638895004084,0.45218670106189407,0.26366974497252005,29.094232198839347
172,3.7646336687804958,8.105533307818328,9.872761293149445,5.052425868043551
173,1.5041689110352818,5.941307153521351,3.8089085663102153,1.3173240071901855
174,9.699143978146033,8.421189231357086,8.383287047111379,20.064234369713834
175,4.686931597949703,4.148195023376652,2.7340707193070624,12.222182854031487
176,0.5637549665092711,8.647223762550531,8.129010091300776,-3.5471866083356187
177,9.997176732861305,9.966368370739055,5.5543170560262745,18.640150380482073
178,7.689874151805105,9.44765729882428,8.496473906774115,14.944040185753169
179,2.4734810174319763,4.505441353100935,1.2915941515149498,4.646284484532902
180,9.540510272587223,6.0617463445088005,2.2864280550346274,22.050812144868956
181,6.7170068440585675,6.181282404578958,3.5816271803284048,13.448597094670133
182,1.1355759219962902,6.715731955927996,5.2030770090379335,0.33557410421937905
183,7.723183917356393,5.201635011119934,8.5218150031854,17.14731126856097
184,5.519068387744856,5.609379715353863,8.76653602658345,11.649048497332416
185,4.034828662123971,1.3401522845064073,0.28782676313338973,13.183798999664333
186,7.55137255673619,6.203095513534647,7.0407976809922355,17.41053349494361
187,2.129641615089107,1.3637147558676976,0.14544665667881929,9.606100774623945
188,3.5058755880659698,5.899176868546331,3.922440450997323,5.439959351462943
189,4.374749220237291,9.041586944937483,3.4825546702330037,5.141902827668096
190,5.139894891598108,7.8365301274114305,3.9654278232127016,7.736321221352382
191,6.220867002278735,8.623637087467452,9.495206236576422,8.94529809006056
192,1.4707348092903794,9.265876251614944,4.921162930795382,-2.6592315291363557
193,2.5824438829895833,4.591357562382613,9.800325752854771,5.6379978441590035
194,4.926180939928696,3.287516102875082,6.334008543167258,15.797149512717166
195,2.401456187781931,0.7586332810866392,1.2887972191064923,10.526240357511556
196,1.2804583895777244,1.5190269351229435,1.3882717264941014,5.000696151042542
197,6.4087474480321465,1.8188008439914483,3.456672833238632,18.274533603119686
198,8.967884099060118,4.739616402628723,6.675577385210271,22.753553859925223
199,1.7231987120162984,1.9228901880867078,0.40868616266478863,9.088971327206622
200,1.6893506307216455,2.7859033903195862,1.7701048427674682,4.2943091961826525
201,0.8870253375705561,1.206358711006008,4.607787680327258,3.890008505580135
202,2.063337184057925,3.6426986104807546,5.034172708548569,7.658069802939689
203,6.903948286293653,0.39312139841098936,7.994103989090426,22.17773921501185
204,6.279003894909078,0.8175903194887191,8.735786241067773,18.848108622009867
205,9.208724005318132,0.6107795985486375,2.7687764814720373,27.8235035811594
206,8.062012797930613,7.482596903836583,1.8452101935637732,13.540167971205754
207,2.093493233367103,3.70472102791382,4.845229851910213,5.791443356518334
208,6.1825477153029595,3.689136395697724,4.625347161331479,16.357226786263215
209,7.474709381337565,0.366832028905979,2.5243694434402073,24.170845158194563
210,7.133495858845524,8.952068376871994,5.116774421156661,11.077361642574878
211,5.321134852653157,1.0717201133977605,4.474123668234546,17.102460156958937
212,5.326172664550231,2.4247050363472966,2.6924323094938094,14.480360991699232
213,3.7728416310462265,0.20071197777726368,3.220791655831783,14.446633459957168
214,2.1144800699654462,3.2749735217791462,1.1976213181925122,5.460885626415616
215,8.90527280739895,5.935924535540487,6.791023191444896,19.73197173668857
216,7.891712386073383,4.984421989290572,0.8692028808742369,17.752159183244544
217,5.371065418185478,5.868411180208791,7.4543947418433,12.036706371036804
218,4.316595462296794,1.2758030279556376,2.8377590579872445,15.118976138851886
219,3.630822963986351,6.459172413316012,5.707783046689119,6.091429944029249
220,3.5609672589784624,9.865152487929796,6.057748193568871,2.102473156890428
221,2.372267917359945,1.0178247262040374,1.5285913918433203,8.260688707321473
222,2.459577283845081,1.6068137325955567,1.8656702405130576,8.921090082491247
223,2.850951686938471,1.7337359529475482,8.967654246264251,9.996691456767374
224,0.8023374566164221,5.245113895702547,4.103968269896615,3.3325000577279744
225,9.823786169086064,1.1203890216805235,3.9785559904574166,27.10303157092437
226,9.69470433275369,8.655071258939802,8.1707207094928,20.314852559908896
227,2.579028270449398,1.7088758739006582,6.68643219924431,10.393778400908515
228,9.293759891275858,5.567628930139298,5.7161268946989985,21.83388141651262
229,2.7997909366028417,7.694929331919369,1.8704374855752337,4.524182627398996
230,3.2367923640424365,4.254364386164168,5.07610378684455,8.358849119315952
231,2.4240973241508024,1.1483682473920354,6.1062004244163255,10.071360609174492
232,2.8863055324025577,5.812382214226123,1.5436271527420231,5.187784520917503
233,4.811401018548175,5.325894325515859,0.5182353682242691,11.860998238170033
234,3.366042781939206,1.3441467693897424,0.6337497047276774,12.898600065391209
235,9.899602323899453,3.2235384497472297,8.09874445854635,25.25508238255574
236,2.5464065476376385,6.8150272222392925,7.6022785988968655,1.8687365078081786
237,5.956387406078443,4.715761885501584,4.118409141472686,14.02907361519855
238,3.4886826654299528,9.29529144247826,8.306194077877292,1.7673183682033244
239,9.650269106665126,1.2429722348554473,7.308674752036443,27.570581510220926
240,9.383404568210379,1.8123306616566015,0.664962673667775,27.521152761222165
241,7.4112064929005905,5.744731131799119,8.41828776758272,16.177037219005744
242,1.397723766262895,7.952673118598902,2.0162732004774453,-1.0917217079730188
243,1.636559428657045,1.6426579793099294,8.14574720231382,7.178231731279092
244,6.651972206962001,5.230654247691193,3.5883048412350247,16.201576302380857
245,8.772005408131083,3.924451074226354,8.16599439471577,19.973782897271477
246,4.391349085702184,3.769444294249076,4.626797856696064,10.848339266391273
247,3.0137787416414206,7.476093801762511,5.027203900924792,3.774417984268011
248,2.322126951468173,8.995745732745684,3.8389122137321143,1.2105014558024725
249,5.435528611139886,9.06472110964547,6.242379959139921,7.219253748768948
250,1.1689804070836407,9.398321236134752,6.277080530714178,-5.232087171694474
251,3.3490561465708613,1.3927207266338726,7.9402518927029595,12.321086940432641
252,6.200727559285135,5.334610919763215,8.938925830509577,13.46492340567135
253,7.885972112245307,1.5167487973275118,3.1172206779554825,21.705165064729893
254,2.4848913981446574,7.43946292572677,0.3353243473577938,1.6605275947762952
255,5.698896848713165,7.624586857406905,8.767656367617494,9.913212535238776
256,3.4208174871590744,8.212573046720129,1.1063173695520723,3.092211397295318
257,8.464522917345182,1.2748866233198242,3.9728729056036727,22.425877288280095
258,7.972953657795536,1.4991742734877378,2.2925139523264146,24.030441213190684
259,7.222525683930662,7.200365365460744,6.411476328852973,15.690750812552485
260,6.939484444671001,5.427244433475962,2.5179905890695276,16.487539782845854
261,3.4569599350391944,1.8159771680142567,9.084505613336283,10.325541565556062
262,5.833917947661204,4.008514167636399,4.620058036441327,14.573086334041815
263,9.472833396118153,1.533514031160802,5.862298320167972,26.835345337672962
264,5.05888678884466,6.1145423543464785,0.18110183820840509,10.908560536457786
265,8.721239089441514,9.321182824836123,5.65133183589209,16.286018822518518
266,6.966508238768922,9.224993811772958,7.072386343133986,10.612104224016262
267,1.5253904291426135,5.762883601668132,6.067150463828559,1.980011307268337
268,4.24130671302386,7.3644423562472285,9.343670147690148,7.223216359678218
269,9.255685129067764,4.508393714041321,1.1323804584075525,24.18496268796659
270,9.848411989623346,8.388980864459342,1.2466268120326685,20.258759476531875
271,9.208418826173723,8.698963620621283,5.188380571260721,18.37134740806429
272,5.912754357449293,3.9900270387013026,0.5476163882203133,15.077680075111031
273,3.3519724164590095,8.028534485980114,0.04632023004602859,5.156148803174892
274,3.334991716911442,3.9816869359094333,5.373956029379229,8.969217765146784
275,9.198556164127606,3.4634599436596125,3.469532018962277,22.979150567753912
276,7.3750124810974835,4.522179408898071,2.2460482293998196,19.414285882191216
277,4.524395161326934,1.4085702037979986,1.763869865062233,15.318606931298765
278,4.983677727394797,4.189254495045479,9.148459010681,11.989044903303935
279,3.623938991166331,5.805883502780435,6.322642879195303,6.6132943071800625
280,0.13094456588333636,6.635373720167106,1.7803596686975143,-2.338511504351424
281,9.610703174694551,1.4866272775311296,4.146241237270237,27.705989998966604
282,0.8534966807864386,9.968742518459473,5.021950103312426,-4.631457054554064
283,5.953850173200438,0.6707647738842748,7.499604703991778,19.391016377782847
284,2.0990559309558576,8.980542894407137,2.0513964048200717,1.1709457286774616
285,1.9068772066366657,0.3654966784809488,4.720669451099992,10.400140154649412
286,5.648411332626164,0.6570863942835237,7.755276166950106,18.52316024969021
287,4.532888347480276,5.243902693275801,4.407627469382281,10.980848217537213
288,4.00763060875326,5.596403313082179,1.552402459307125,7.270868642656997
289,1.8192813049527112,8.617856210135173,9.461154621336327,-0.395297139833621
290,3.7330931627975295,2.707446731435538,6.439995432390157,12.893103179004289
291,4.087341710980964,0.2538635566034486,1.5615259736619036,14.695672114135899
292,7.159722288473976,6.589239419101514,0.2709599250348349,14.144584489644036
293,2.219721619329494,2.310747965880714,6.718927435987284,7.124317600673819
294,0.19710537754364155,1.0410858198457384,7.999160853731894,3.15382742270183
295,1.7854466205433361,6.527461078518747,2.381827810467265,0.845901349008141
296,0.9944139275934516,2.4317219099945406,7.2226693185565916,4.197460428400152
297,8.556964681062858,8.302198645669916,3.9718352961845484,15.024206308674605
298,6.680851365706461,2.0498429541582097,2.9314773026101326,19.257935203225905
299,8.963358185211197,0.13001923510736035,0.8550853085446808,28.154649554685808
300,2.078862551460273,0.26532203873819715,1.8143543508979731,8.971013752017925
301,5.830415609696922,4.214245505924979,8.926717110769749,16.0382283407741
302,8.17443561738441,3.4181735169787597,2.594234334312925,21.845072911614107
303,3.7969240816726693,5.902949425148077,2.6806364082287626,8.439351479628039
304,6.24148907849134,4.0941165219124045,5.520471808519803,15.032948316081331
305,4.361265291353167,2.9446575954191765,9.484533069621566,13.224099340946522
306,7.636057941597608,1.4011317576645255,8.684679758979128,21.316852844401275
307,4.874311982495136,8.945522268940914,7.998552559473152,7.341400734345253
308,4.252135044692334,0.22469308320117398,2.686773593849461,15.532545251682958
309,5.416342146608669,6.334782198261473,2.578876854332023,11.492367948592692
310,1.3935607407282413,8.34930236799299,9.84402180703552,-2.710855595395838
311,5.256901823026858,1.716792858483035,2.7230732651936895,15.1870332851109
312,0.18390676547466733,9.14298806560499,1.1775108289014113,-4.914590546785935
313,5.765164755142536,2.74055220687206,5.541780025157934,15.175901235385666
314,6.514203883518642,8.297418037072017,2.064212717606032,11.79181435640931
315,0.10995828658480478,1.3688563006880727,9.00018641848105,2.2651303491760792
316,8.738900775625153,5.974131021703083,6.005168604336534,20.52646892568585
317,6.650366745462555,1.753712786234496,9.144119459249598,18.28893820540648
318,4.187705248920731,3.8313852824949746,5.189177052828375,11.423900720987382
319,0.46965966775055046,1.662833687560794,7.380336164263705,4.804379677949424
320,0.8279866792512647,6.031521094663882,2.4534910968132095,-0.8646304338980714
321,3.8929561404197655,2.8869373677069987,3.5567271646494913,11.850092076885742
322,7.1904590518424545,2.9712171562317504,5.664046402968972,19.67112930546159
323,4.760504021990997,6.636711653626481,9.36829739324758,8.398364214432977
324,7.325720972102503,2.149403785907568,0.3118313506128467,19.72646320309097
325,2.622640442998251,5.9507793070025485,0.5142581348425035,2.45304024741999
326,4.963662472012364,5.968428489168892,3.3424389081696084,10.59669204032793
327,7.7091220374582194,1.065982531337718,0.7513778173580876,21.428823284678234
328,7.281887562036033,4.954913162061985,6.88402396427736,17.354167310057008
329,4.348273386037462,2.464020332391068,8.191023176741997,12.650410850142125
330,7.994158789689792,6.946964708544268,2.7214513722996267,17.328182099409553
331,5.902306668690871,3.6097389694002677,0.9158207332663415,15.122034408956992
332,9.173135754622429,1.368186309189614,9.502373538208024,25.961568029181443
333,4.460057729579558,1.8513292883861965,5.419009473783581,14.660419882173754
334,8.729458358764083,7.322248864095612,8.065611478614498,18.37200528907959
335,6.587833667107174,6.922765645178525,8.491956515653193,13.478421350736483
336,2.4966800885918596,4.894249636431405,2.2120944181960223,5.837868247570489
337,9.87668007996647,9.440593396866133,0.394268113685059,16.827416000469707
338,7.055751725156885,9.252483174156659,1.8057534512733353,12.293188183891202
339,5.679452305526294,9.154882975880419,0.3394597858579884,8.825239986772836
340,6.974202672468399,2.9734900737255074,9.243961953765304,17.850635464123894
341,9.710582451653679,9.442664891134338,4.742142166574638,17.70117778609879
342,8.620426509893134,8.445493985350703,3.1910047324325563,16.37716620468436
343,8.289154741506774,0.3700763471549262,5.96269878482053,25.144298452779292
344,2.3000883728770303,1.205668857772788,0.7695320162920916,9.637278269433764
345,6.962887758781397,3.3987496376806616,7.247667715287615,19.760086613567882
346,0.6535634079894237,3.152903378306103,5.394912923753372,3.9321911936790643
347,7.907231648389636,3.187525029320699,6.2589137643700905,19.630829892357845
348,8.85977748236187,6.158631881823045,2.329594747536338,20.38115543802307
349,0.2440078155653802,8.700988739009299,0.21269410850387138,-3.5022336283622986
350,8.747016726841995,5.28937134027212,9.390676985128962,20.907104729467644
351,7.987832357736654,9.979341105333376,3.5071181545171015,14.08535199312755
352,7.671882889311269,4.019309136092422,4.798756203039089,21.368806705668028
353,6.275054632183701,8.736771141863388,9.840834691992951,11.22722075633017
354,7.682734138645182,4.177667821673338,4.213570022770702,19.442942556246678
355,7.375823015888915,2.3877714576830233,1.1047411313139466,21.61932026458741
356,3.546221576407765,2.8723899165408175,2.963081204559901,10.563573874267325
357,2.3360775104990994,0.42093189636361883,0.1787393473341381,10.358978543896361
358,9.877223897360315,4.277731337358624,3.8432664715968166,24.208367902856708
359,6.796472826930699,2.1825388786506417,9.499611839502254,20.935548771778084
360,7.863450144155521,0.8941100231225951,4.175807757849284,22.767264666699685
361,8.791183075621646,9.447320222914103,4.674015112498697,17.17354114623531
362,6.134113892107077,1.6703394609207523,9.911686261369766,18.830741500903166
363,2.3167170138344337,9.427317741351256,6.496466489923685,-1.9202949298373633
364,6.077367948788591,5.126885110165086,2.3066981171775867,14.408807032764797
365,1.7652803200550826,2.2048620907017535,1.8643826214425452,4.667339783643978
366,7.795844735667533,3.501252591667301,0.5784267656339637,20.913616745999104
367,9.691026301408113,8.837858849634257,9.27752283195213,19.50736661694817
368,9.949078226464353,1.738952492194873,3.9624201890265875,27.19359661987498
369,7.582384757040913,6.960206180537922,1.5389590633985506,15.727262171912358
370,8.158331249906178,2.2444057183666066,2.2381761482262306,24.656698696475804
371,5.3697442289341355,5.929399348417031,5.8008620783781115,10.803334649972966
372,0.9148683739775487,8.774608626303804,2.6560004258870604,-4.301267003677294
373,1.2951492128280417,8.887480798689772,9.556514982297534,-0.9454405238950219
374,8.621276172654506,8.09516074724878,6.552419806390217,18.80158472546852
375,5.5085737060913935,0.8698675991141014,4.084532130706987,17.73128881813941
376,3.72688517012314,2.5975378376032623,7.234201136885849,12.211630555592292
377,4.9587573507877085,0.8104621590764793,2.2018320194981134,17.765814701608377
378,6.832587636595959,0.7613085949030018,8.512069140487688,20.42541454506791
379,4.951465270139743,4.80586577326648,5.924077846595176,11.126318412061716
380,8.246809659251491,3.4780920790219305,6.780161525590636,22.674188166457146
381,5.657319639957911,2.6702827016942132,8.78629986355158,17.62397413657023
382,7.974260216069281,6.584518346584255,8.505817290942419,17.597109384446455
383,8.672942009598025,7.083629767150348,8.37013328363672,17.302184949912586
384,6.974714616692836,6.801407717603004,6.186113782151843,16.262158392307928
385,7.527166395576412,1.586051052930737,8.808707591989284,21.38368382761218
386,8.71843527745232,0.29247283034559146,8.258167505647627,26.10998301604464
387,1.288698674734452,3.351188542591419,7.435082562916078,4.542658270216049
388,1.607598960483082,8.179670241190621,8.32134177957742,0.7575535324937355
389,5.074677337608362,0.0638587171683358,2.870381331749128,18.464038859971126
390,6.169269183757422,9.811861780274235,6.3181352701666835,9.063804323426384
391,2.5980358106415977,6.340057030996114,5.3998537971585545,4.350309619526764
392,7.798453951511436,1.069806388269584,7.61027902502028,23.255881881498556
393,5.412665786761103,9.629920038589946,3.418721660386861,7.533899935113329
394,6.326218931339481,9.320281055100175,1.0250972799067926,7.101649984534191
395,9.372284872364512,6.878857223008134,0.678370591051719,19.879476054231723
396,3.0096356694681625,7.081720886452816,0.673506014687717,4.2673460448438085
397,5.8217046017627325,3.4588305695295674,6.209155177674771,14.252650737351843
398,0.4574203381251285,8.715368061523762,9.734889691773969,-3.9285675107041316
399,9.688778552856915,7.496518317429247,1.3008624013063197,20.02165318024107
400,7.582631959290226,0.2458691645880151,0.22123551528997254,25.417012599035438
401,3.2361021914954122,4.886431904046658,7.704074178077932,8.799556919097398
402,6.832953766065052,4.459027063767484,2.736266662816659,16.265746369523484
403,9.971245001577111,4.261813022359729,4.513870243296755,24.66309916554441
404,1.6362382119166918,7.948095487499294,6.936822257814886,-0.5210666208158159
405,2.207696127887604,0.823810456158427,6.804993020747131,9.079008296169274
406,6.545112142811353,2.7325952699820935,9.508635622504103,18.278691017077996
407,1.5105789178090023,4.323348010426019,9.436159201675988,2.8301476131236916
408,4.197273169261223,6.385259476640855,3.9759439796279428,6.700256216246505
409,2.7421520234867005,9.839776479598282,4.09334006315043,0.6703595070990811
410,8.940992036791345,2.299546058910862,2.131047040250833,25.222554405507136
411,0.3113408288451136,6.5166682537588505,3.6852634372376114,-2.845965592057829
412,8.64358249839637,4.732099066915572,9.681934279147217,21.825792796454838
413,1.8552551570312115,8.686231679556109,7.765968527917417,-1.4169178520546315
414,7.70921844644052,8.447832281168877,7.610239909429989,14.388812616736628
415,6.262203216314154,1.3124487768238757,0.32526179491251916,19.90091352120919
416,9.208478478156868,6.166503145207381,7.965372909761763,20.587779856439603
417,4.815223515125501,1.1730818896239448,1.2518579220255044,16.085101432406155
418,6.855652872289713,4.303058948994627,2.005247267003367,16.459031798043156
419,4.915945467414369,0.6420893707513409,5.819714019143988,16.322889840206216
420,2.6899340443509767,7.975591006371881,3.1036195892357377,1.948266472350846
421,4.552201490818012,0.11620539908100636,0.7244688779455888,15.494478901607586
422,3.924935564066848,4.799388347171235,6.000205481193037,8.876298730445855
423,2.9166257870930323,6.949818861265426,8.601223971892045,2.4031635353503242
424,7.7985098889334985,0.39618825348357145,4.805069472578289,23.529695071011357
425,1.0493017841817487,2.4204501586252745,9.866625932671464,4.433838776734372
426,1.4249554290151323,4.988881534513561,6.181557343181191,2.319550978626178
427,7.024649705441039,5.5964868348691414,0.09770847419183659,15.604342615888848
428,3.2646130824399187,5.1771164338471145,0.8786649914483335,6.8872287856231305
429,3.5062693120918076,0.33203108791366565,0.7857849715502074,13.846677492819184
430,3.9692327620159604,1.3271575404306035,5.675408482615581,14.205009930655699
431,6.894649691372657,8.005866991090828,2.0015024424481007,11.979818612274384
432,1.6748258225906976,1.0456784033440025,6.364302495436367,6.729049617074797
433,7.064757264869011,0.3158614482564204,9.362122462436899,21.24081501202172
434,0.5197128365147241,5.412963353010705,7.090605194509164,-0.6834768535209619
435,8.709691237460856,7.140869321324278,8.017280830697919,17.853263590246502
436,3.3945019254280604,8.148251137465122,0.8011484638467514,2.938357382414548
437,8.948166560605276,5.475923761537363,8.172977699624937,19.50319122341846
438,4.523182845183001,6.4357769519652495,5.264026609361132,8.128903943125016
439,7.315895217553319,0.8162998203058958,0.603520839905638,22.49160487963019
440,2.4710323401014644,1.5954468011318834,8.717835665922017,9.858074154730966
441,2.192139873580443,9.758652558191313,3.3689579177110685,-1.7874564389867889
442,1.8211791568869928,7.896985071424791,6.587077755008761,-0.3364320156357019
443,4.98195716453139,5.553635509376313,7.192017782722639,9.863831991229588
444,2.2845474133129873,9.963339160567418,9.747931621467831,-1.2760776297732106
445,6.503256863469369,1.9954245092914513,6.802282424312914,18.015204113332867
446,0.7219840897917584,0.30652502205806065,2.576828885112137,7.010258011250924
447,4.626229567393163,8.682725054083805,7.271690697663081,4.360437361648231
448,7.42706521199981,4.2549333444807536,3.4593499254696294,18.102113344170156
449,3.7103876298460268,9.876495637360579,0.4010919141248248,2.7252816489741134
450,8.670314961224486,5.786754085723934,4.386154191895905,19.915517016515
451,7.252576604151365,4.866689414247029,8.734232380816605,19.984447877262475
452,9.007018640112586,4.217209268734554,2.768277972350516,22.806695502367905
453,5.923503285933622,9.12363345616691,2.106621890056666,7.856343470591751
454,6.229665835634828,6.3156022009252055,7.33113022415281,12.89997770088775
455,1.315676851272598,7.158249646820885,9.09032520665641,-2.0769537814700176
456,1.7968310887024197,2.3754332492387764,9.713950940416396,6.560958073372756
457,1.8097695270948977,8.543850933695792,4.922778564480348,-1.5612533596984655
458,2.4723107440317706,8.707499012725114,4.453052550026655,1.6471683203694525
459,5.148173539296902,3.5923336939976567,5.9295085143492745,13.010093140849536
460,1.6352387258502277,3.910815366517607,9.694123223352875,4.278352459009194
461,2.5813343270112754,6.567366645412922,3.251900642246949,2.9369380016282784
462,7.734731256866007,1.3087366071834983,9.698210450785448,24.50519556539815
463,4.5378954138363925,2.3605046334646396,0.7349674733001266,13.190890208315501
464,1.6975790508754074,5.197739485560176,3.3700317643128628,4.839217287995509
465,8.288833658826094,4.308875236618059,2.487142725876299,21.36558562524183
466,6.171449866040301,7.067772168854458,1.6704190790094986,12.429364789810789
467,1.6761921628831766,0.3667142693354297,7.364020150656405,9.119156431322946
468,6.638045276218051,4.746308757498139,8.441704489691972,16.293339979763612
469,8.056701529500533,5.853543643967521,8.682712805132587,16.189828871644693
470,2.0584121003676827,1.1191961939772788,2.697496115169896,8.524111423995716
471,0.5708685608931485,5.31169528001032,9.366056922949614,0.8982950374048089
472,0.39343540668509647,1.221099140100268,4.521990282834353,4.469372365118314
473,9.33875017527905,3.161561049767505,5.072348086883924,23.147812331673038
474,0.41572859050392097,1.4834320096208886,9.86630122958847,4.206798614137266
475,9.651186964360456,0.04939980934409616,9.51811785423239,30.772793155943717
476,6.391199378155004,8.679182945200221,4.547398556338591,11.809870626681963
477,5.155960285792503,4.888465802569202,6.668642575461043,11.961737742032184
478,1.396512547563129,0.2997358987267795,3.079299415911909,9.083047567493773
479,7.0468076273664675,2.0185345212294834,6.734324333249173,19.828270622572738
480,9.699120461072704,0.9390071578941839,6.726021182251262,26.41712097638202
481,4.437502193045711,8.681422543775053,1.771497894473859,4.751582441954659
482,6.926259522261645,8.381152896481103,9.446142194740233,13.821154098384989
483,6.832480282896459,4.971747640084273,6.178472402012138,15.84111045731071
484,8.689049844787181,5.706097466388297,0.3038705969683686,19.631923672926977
485,9.309486955069778,6.895267510315612,6.765133857772465,19.69955817902083
486,2.1567515239771717,6.5888547023265716,3.938644056541585,4.38938975672405
487,6.512329770414921,1.0659303030799072,6.5784530460303605,21.627666977703477
488,9.994137257706665,0.4821203886055603,9.771741842213173,31.625578911388125
489,4.069079607228706,8.707534503372592,7.823854840582735,4.564612403624603
490,5.6701626098666775,7.384492092513265,8.78515561301348,10.609640502397871
491,4.0414032165103295,3.270331615632387,6.675933855635847,9.662467553096167
492,8.078459419412585,7.622851347766158,7.978136488586345,17.525661357330346
493,4.35583314812933,8.178342161750216,1.2020905537060844,4.90779272495513
494,5.444890979608496,0.057586604981215705,3.2458582990027027,18.75989908680641
495,3.664615348713979,3.961726916092554,6.954672066898622,8.31016354484104
496,3.885581012703457,4.486936226225307,2.375441308743275,8.74076223354958
497,3.732517916293401,2.2726962726315145,0.7319592376844364,10.766796832525985
498,6.034485933813779,6.682127985550163,6.194903460096145,11.459785991198435
499,4.6349404380057235,3.797857801792298,8.633336495718252,11.490799029714575
500,5.190817851362181,4.79181877629731,0.2564206580643569,11.678593301923604
501,3.4124782762615635,3.8019561878585706,3.988227808969005,9.802182177003932
502,5.801723692273323,5.336025467268785,6.079050927934446,11.996215876898248
503,7.6488326154212825,8.129857387160936,7.181230762264944,14.586794100973952
504,9.555236959549347,0.1823258267636163,1.957779856835461,29.887260559062586
505,0.0756287497814212,6.47474714154603,8.98030548949987,-3.0938210599150784
506,2.4348229657629927,9.270345447963066,0.6026739028956085,-0.7552760138957993
507,9.344360268055143,3.516226872396344,1.0142082844921652,23.91090379808199
508,4.858717591863257,2.567765677205079,2.8487290196192285,15.245200375372756
509,3.0728996492628657,8.030258978326634,5.391612766752544,3.240045980118561
510,3.1130769915600363,6.103337833109183,7.161506742231936,4.9274727845614725
511,2.7262400073353374,4.135491015253515,1.2188609333694755,7.336887451222166
512,1.8114934953468032,6.811178539649828,1.8143834769562694,0.2530273409507917
513,5.251633836670601,7.090462617224327,1.0687692309474384,10.301888961450256
514,5.673122196289036,2.5656278370136376,9.629268752375799,16.512659394007994
515,4.835456467199247,8.059925497751582,5.502265421562617,7.108922099557338
516,0.43412532854819164,6.3315137559402235,9.51403342206657,-2.3510889842050204
517,6.016118201463312,8.191888594267901,8.842064633484078,9.323348268253344
518,2.2807977194893247,2.1204483990822665,6.1098098885099175,8.692273556170502
519,4.110284698067047,8.398613028667203,9.000231233980111,6.426356613256036
520,3.534213793027181,2.3687055897448204,7.805255152438618,10.355780027845375
521,2.748060355481361,8.226143185136785,4.237382536487628,2.457165770090746
522,6.675498992914704,0.9553531383466818,6.23859324676573,18.455296697668675
523,4.517676787372292,5.866084631754741,1.6801420774486342,8.670272679667843
524,7.368737449441821,8.627970775432285,2.1673980009077565,13.037219760214908
525,0.9571455552016173,0.23638586046336396,6.4197150044326605,6.199517438466173
526,6.070940360887808,5.4669741271407,2.3194709611597544,12.680475574861083
527,3.9090599590551465,5.944763351861731,4.967668588591694,6.971154318934903
528,9.877855202148872,1.3643975255673313,6.951445540475937,28.349553703017758
529,4.043187681042921,4.281996149256147,7.175977656581763,9.782244805093553
530,6.924361513243697,9.912559937021882,1.2839428945412523,8.177600625358012
531,1.0410964938416634,7.243388171287411,5.783869170064091,-3.2100247235758004
532,2.7416066655980584,0.794193689889866,0.8565824959643054,10.294119058270132
533,8.941908746641182,1.918673247187429,3.2337156211552074,25.510050556031594
534,2.26656402226988,3.5499630583193733,0.6942384274609337,3.6589495429662167
535,5.190597909082704,0.676125635922149,8.003565078223616,16.66541383344855
536,2.3371208191043302,5.400119146045106,8.800790875614583,3.836411215989277
537,6.5087736904719415,5.329577865513353,3.243337531153756,16.26477856577228
538,3.330019130581979,6.694869551981901,9.941393612211675,4.906182552363804
539,6.618391898493786,5.577834173700249,7.306505102392461,15.235567722535095
540,4.652056122837181,0.6014234260078521,5.6229681587790985,16.049689335970992
541,9.576252845053801,1.7530294235765964,6.900048908206657,24.706430324535386
542,2.0093368865905648,5.3582768447308124,0.9667644964671962,4.361617219431174
543,4.503709362581851,7.561633288952461,3.4757152423898208,7.400709965167963
544,6.64911724487218,7.954499607897292,9.271778194794527,12.58566222237829
545,2.3464208185545354,3.993159158093081,1.5241601333041743,10.000498763110969
546,9.924835021583752,9.270009679242953,5.399571302805596,16.603962999369248
547,8.420332943764212,5.209579772720422,6.2358568800275975,21.52403328190713
548,0.8912443211601662,7.552704204968079,1.2771348363523483,-2.122581762461635
549,8.260676302525283,7.820280876703859,7.087446977429765,16.554682608671587
550,0.36160380524762115,3.031283559453286,2.631125699108429,2.220956996473868
551,3.6013640747151907,0.8764274676383854,9.369578230310628,12.527460892223871
552,5.538022407123763,3.0552431065802352,3.969815170742834,14.608931361674363
553,4.472025405048356,6.005943333606173,5.156794276964978,9.302440247866492
554,9.193919732144174,4.969634829058302,9.921580148233126,20.50406383881879
555,8.514249577450958,2.085105143573358,9.305952146439163,24.53407693886113
556,1.163663978854761,8.174497084911916,3.806232934765801,-2.316430959642652
557,8.779743204450694,8.680566901074503,8.059254001176212,15.402608390796974
558,7.900304363070614,3.046791390980408,0.8091928305125218,20.644598380504235
559,4.029801787651614,1.7352451498650867,6.9495108890246176,14.249359506153503
560,3.4609972653778556,9.756102008599148,6.40972077345332,1.4098356661094376
561,8.224805636343609,1.3252467274184843,8.620144822726225,24.33017163616646
562,9.227571905133944,4.870619188189359,6.062529377509774,21.493230461292153
563,7.648098009029955,1.7483862726041255,5.0256607646344245,22.780103345373554
564,3.986630277723131,1.4637399216224911,3.6753442229153146,13.895595527151041
565,0.6817230938549357,0.25811906949486985,1.3516628915482276,8.243173684539908
566,9.631151115891738,5.49529535895017,9.6582216115322,22.307959413489925
567,4.32497878330132,3.1181613308525957,5.061418628402441,12.73930816598809
568,4.3951168863291015,1.0566468426174391,6.408263146902062,14.817883544220773
569,2.160381825095996,6.195879548978295,6.502010923981533,4.26177088582905
570,1.520248531286481,0.6134962711066816,7.807615860684399,7.345593415279454
571,4.5980042376932015,0.5816379550547579,9.948663171697671,16.542050361044577
572,0.5778056099636664,6.950352288585532,9.836789252634135,-2.090606017510153
573,2.391801042159256,1.4224936868719618,1.213849394224289,9.20832200404329
574,3.0327514756759557,1.010458110106467,6.9216134169413195,11.461081441510501
575,0.6229179813006269,5.094221281497897,9.966968538529768,0.6964698118807681
576,8.139702695060189,6.152194382310109,3.062536207866117,17.85039443575638
577,6.238958362916385,5.270414639116517,4.260833838903714,14.48761152352167
578,1.3071037674019947,8.866042152404667,4.497846488213225,-0.7933731068184284
579,1.9462251182076507,3.677593508772896,4.1412975252892705,6.437900270606869
580,8.275378955668742,7.336143805614021,7.693048936413398,17.754229414931928
581,0.11031264428647214,4.161539981797615,4.813441516353237,-0.1736058934648287
582,0.19192276823056686,2.598132087450342,7.60289823122135,1.472807587407682
583,1.3710970572899905,5.353101314525917,2.152018720172375,2.9593216240316287
584,0.12120774643893273,2.412014575995415,9.758737549100537,3.2846486674326285
585,8.015371118829895,9.595766443210334,4.878540439263625,14.99617874097332
586,1.097361986775035,5.47959488973693,4.543773345599609,0.5639104732840428
587,8.44357082739616,0.9808258078424459,4.882411370217782,24.702387443719118
588,1.5004866469398426,3.2467592689005995,7.373570773877996,3.215621332143452
589,4.7601812936876655,3.7588828514576935,3.944762785700353,11.99732270640906
590,4.594467684059866,7.850165438370569,8.920846889402345,8.06254119468443
591,9.553346865039282,7.869033862552951,3.1540689574801273,18.974031148306466
592,6.881347060865421,4.376031240553919,2.5467062204605115,17.592609958699676
593,8.408715794259226,0.38426348962324997,9.017619921354235,25.37017019210235
594,4.614774646247342,6.3720147680828045,6.593539222057827,9.214575922140547
595,8.951177407065364,6.366696821672074,6.139335847600618,18.590215941841258
596,0.6665204056068996,5.18408021945204,1.5016900081704165,0.5306142003087015
597,7.374337687214856,5.122219208126745,6.802277792083533,14.298045197384324
598,0.41672900602384266,0.8479201604580322,7.163233880626823,4.837422164347983
599,0.7208433599867337,0.712567277652586,0.1210847523488745,4.316554423068591
600,9.5650139829948,7.37508359459007,3.5325140850206416,21.268429160525734
601,2.9653558128765525,3.4970322974584955,7.746535311811819,8.994358128005699
602,6.613706110704144,1.8519556786746794,1.7410933533408435,19.77858944431683
603,0.9839564971339732,6.603027197013382,7.643726622217359,1.0572648335782562
604,2.6504642832500402,0.20944961030912812,0.8217166747642735,10.425904654929308
605,9.678600348450304,2.9544477747742026,7.692231478381336,27.398526739312274
606,6.2466356885426375,3.8193963965289592,2.0568726219555513,16.965505109782228
607,1.2138641815940643,6.150129680388666,7.74633780637788,0.41794955029981606
608,6.439042535411307,5.303021332491583,0.41951223431636264,15.869600886721312
609,9.684887775943839,7.987141916545745,2.928220367009647,18.521355627593064
610,9.799703293588507,6.018815896363221,5.824226582072464,21.45216499680773
611,7.4807317942953215,8.117697880901375,6.564786073315027,13.352002305416956
612,1.2809574636620003,3.382675059944984,9.280836403260498,3.6142058791570038
613,2.2461561184385195,3.7216702383751334,4.32076882944196,5.092828367285886
614,4.394049896944522,6.129395824945255,9.430758377447075,9.852932819522325
615,2.40692711832505,1.2150137630091806,1.9747048985993731,9.300446879831778
616,8.869249002092696,6.458108126552061,2.859067892391601,19.775897721726146
617,8.159469389686173,8.61369996363436,8.465143386902781,14.49188215144052
618,9.189265336395545,2.522410201733616,7.550419287462783,23.125667798360006
619,4.6053949727414,8.419985528900614,7.284906771616132,6.6795621555641835
620,7.764474464997246,6.561618376810715,1.7742876946970687,14.624989134900481
621,5.450269188969383,9.846697395245082,9.373880664971189,6.741002052043894
622,0.4317373579701167,1.6481481572943713,1.317287734545619,2.733250567339236
623,7.259799099852955,8.17785329856945,2.1351136631067194,15.323349790579856
624,5.05852692951829,8.407030280112,7.328015447662506,8.46924370983605
625,5.422372054918483,5.903476904587729,5.0836054691628,11.577511643062413
626,2.9754845131882055,5.650219928590161,6.888853020500907,6.922154046316989
627,8.733229158608077,6.362913539792481,7.61121537043158,18.35126067130348
628,1.60071634954573,4.6155747441978985,0.09331619827093296,4.00658055949694
629,2.46678864521623,7.264617151130048,9.918099513493635,2.6492414654032306
630,0.9917809958721591,4.0149431586128825,8.000709686991595,2.9255407806786087
631,2.0403563462889887,5.550849493022863,7.330712960296748,4.7122249742018045
632,6.159854502601791,1.8802473461541613,3.553845686857394,18.875831543899285
633,7.837917844853973,5.542265141320167,0.052296135429127366,18.23280010537576
634,7.6099076002809385,0.3531135494023907,7.457337827312322,21.94614530519118
635,2.024805601652374,9.580734801193802,3.679407513020845,-2.394914052581092
636,3.269316163380791,1.4888805033244468,3.0560421549021486,11.263924870866918
637,8.766507618282006,9.963343376272473,3.683095305068483,15.053629368454699
638,4.486106309545425,7.220709382027371,8.861957804650745,6.420210790756794
639,5.930443341867841,3.9152569817782936,4.126218408486237,17.53947665211407
640,6.956181464968068,0.032182636042786816,6.195893374598407,23.8682285544224
641,3.554930104413574,7.941973312770843,0.9299063982313216,4.959075606101406
642,5.882022669483905,4.809728898861238,6.423255259052274,14.005418856360023
643,0.6485359448296835,5.799837874281312,5.614845879595237,-0.5506745569645178
644,5.606600944161709,6.034876665964548,6.764679372263622,10.82273190122458
645,8.049889996807698,2.6982072012821434,8.250494101800621,21.964356868999534
646,4.982556822634536,0.7705827913433116,0.585509292439792,16.789445247117115
647,3.3423831869606078,7.8489697711146755,7.076809347409157,2.695433666582284
648,7.886149646724064,5.172690564416094,4.401989979554905,18.842321856755746
649,1.4745252670628395,3.2819275360931153,4.340193661738753,4.592741075520612
650,0.8860042967961723,2.2061195271121123,5.982252940637388,2.6598597515785056
651,7.356631142391898,9.983475113929497,9.331133313435577,10.55102270848485
652,6.425651995351915,4.21248053294072,6.361773647082327,15.595547815429278
653,7.85651618080232,1.1833619092338732,4.099048896962882,25.10894381826534
654,8.398022856356173,3.83832951933044,5.718722712271865,21.94561484222766
655,5.877693608621982,1.8447625313363936,3.622354416522884,16.14503741485139
656,3.3451128874193214,0.26196708532064794,0.24191763891355245,13.534458005581163
657,8.316970436757735,2.7307080997281243,5.180787662388155,20.968272383282223
658,2.9872557358877305,9.406792451153406,2.5929675886577375,2.2626794522223115
659,4.296568127389351,8.727302504846019,8.419335667918087,4.797532660840276
660,1.8610141784627732,8.026433097957105,4.581868867378926,-0.07282046013076454
661,4.829688720853552,1.3347997241594378,0.8060151375712465,16.798258780684744
662,7.279393069737652,4.964611523552998,4.3685070261517955,15.953785277496285
663,7.295082286523967,7.6551289899110975,1.5890816766935356,12.65443274330361
664,6.102251494776413,1.3535408227768553,7.513750860290457,18.0477804232628
665,6.569551562671395,9.56614621083458,0.6895801635642118,10.98288230469631
666,0.5705472115125432,2.8218707469320012,2.6170568373590597,1.520777056986114
667,2.469787990719998,9.062545805210366,2.495461998495061,-2.5327405875630116
668,2.71949726128631,7.593982624179637,4.4973984245054,2.2348051457912113
669,7.767105569551812,0.6536615756438524,4.875711936733843,24.185110833017827
670,0.3361360018328263,0.6265320345535452,9.06437453344411,6.2887633128566405
671,1.3924537111759516,5.324206822752171,4.110956026007066,1.6289247285518766
672,3.4734332625884266,8.998333456872725,0.218233967754895,2.474156401107793
673,6.637896861755891,9.633944342135504,5.60168183461842,11.187909678082871
674,9.368224620330919,0.5225787928602377,4.187933190741614,25.92372529969959
675,2.6015779096205116,7.3082096498072975,9.812970904972467,2.345572419099513
676,2.565300624442478,6.5417460147407445,1.9809763275974013,3.7535802333423596
677,5.653302545716099,4.639324866883362,9.72005329631537,14.015285245315246
678,6.085272726964666,3.495063720868188,1.1409578488793337,15.50929865917896
679,1.5124682873493456,2.2531692995123507,2.50966661340298,6.111808570664385
680,8.506160578411379,5.612227882825249,5.233909113743664,17.042400633225157
681,1.1476887186921747,8.60139693349435,7.228143032084837,-3.110702935796631
682,0.6766836190000158,7.078350972297686,5.4353821734264605,-1.348803406702716
683,0.8172534574677826,4.583006415286564,4.8469628713004695,0.5612319110708999
684,1.6577454016327575,9.456981470002823,8.49975371480662,-2.1450300383318956
685,6.690223373291083,4.622955610006072,4.1176554158450855,16.624884202023118
686,6.509734671509541,5.4543186940690545,0.6227310588188562,14.386605045033225
687,5.125026487703317,8.064036172328395,4.59239877596958,8.306186583460791
688,0.5195657755426841,7.862781993840331,2.013637821359744,-4.099156519036298
689,2.5862083488803878,1.647063534322959,3.302150648714975,9.282433351317371
690,7.56751505688635,5.193858595039373,2.048812741507126,18.29637349775785
691,8.778300781520409,8.795818549515293,8.70578425046007,16.547742655351104
692,2.3879621138153926,4.512393441809881,9.849896561408752,4.968501884802689
693,7.7201247630999035,0.2716742122555982,0.6520459126049205,24.198519257333835
694,4.639313768123328,9.092202058615602,5.387017979527142,6.402251740606217
695,4.9781250803429025,1.0547369995663058,6.5678010472429404,14.129687022800212
696,8.221031606002255,3.8042000750756233,7.756118509253275,22.14661298987079
697,9.644766539008117,2.037664591276891,5.233296311947413,26.33046409930695
698,2.8713795808457556,7.9285441903383935,5.775933658811575,3.0896858569485466
699,6.345824175503037,7.979141596158941,3.959704726624549,12.48683744701209
700,9.150900684070432,5.3302886724614,1.57954822835348,20.109231605991937
701,6.958991181688025,7.9326135043825445,3.1676167706752665,12.168900746533462
702,8.57179256998753,9.061432547657663,2.769044873778089,15.267213671903924
703,9.83521472715222,1.4071152804875842,2.0201566840249,27.11574496017102
704,1.8422483923802613,8.939897100078705,6.542925523249618,0.6126810366930167
705,1.5210428322227287,4.40323418368349,6.15298025069802,2.6619539663098406
706,0.8346408498938329,8.824163684073387,8.036035354415352,-4.057941075640348
707,5.052067735766382,9.671266152591704,4.177609792750997,6.22903898790889
708,9.841103190364977,6.67919998803627,6.346712732539414,20.385568464192833
709,1.65954895295785,8.81927758304644,4.2748968792061515,-1.829941429017366
710,1.6223340578247936,0.1260751997575904,5.597556836383825,9.22199816610305
711,5.2739962212267635,7.193536223691586,8.902580530178021,9.219886680254495
712,0.7940658464302952,7.314964903403624,1.8741194409758222,-1.8861801269085579
713,8.581770531571639,8.19063513861656,5.407937549855443,16.096332050140852
714,7.102427986233115,3.1435011318374837,4.7116789893281465,17.469398298197042
715,8.216368977104716,4.592651971732139,3.577982653254418,20.35133328802246
716,4.942124472502999,8.282492524372184,3.3520804737087273,9.17125322365812
717,1.737615931357438,7.120140203307807,8.259782127080818,0.818273215207664
718,1.0063747852353333,2.3987411275594472,1.419719897609939,4.862711727264546
719,3.4794141158216663,4.503509789054126,7.4882633696330645,8.987046297806073
720,6.511475848816741,6.2092856747843115,3.523749466096544,12.55821631575398
721,8.4144755308476,4.712871673981645,9.791049380151545,22.083257476470628
722,6.3414213829573685,1.2626474156450274,6.7617756207543405,19.54070535504219
723,3.25104015431699,6.8632719668609745,0.6964114816240574,6.523530924648415
724,1.7488143717595939,8.557372589057863,2.271795570235149,-1.6298441729944397
725,8.3704112524294,2.792760884544104,6.428819100587076,24.3927769921784
726,6.9415057350983105,5.126547531450529,3.053106766967313,16.977062794039924
727,2.126443763710961,0.3318935456242622,3.039464012407238,10.470877240380647
728,6.53162790531283,9.383048184484826,8.71204482263052,10.303436396253431
729,7.660647765353026,7.884473432532987,6.649849034759953,14.441722676268533
730,2.60286857566003,9.071950307058298,6.707323119058341,1.8213627291539893
731,5.6044063098044,1.1098946921348107,4.470555438064254,17.819502013797276
732,4.6035827120192625,8.645636095226699,5.466482201877884,4.167123762188964
733,3.8040054897040965,9.768003285106593,1.1072059332631567,1.6712233204253277
734,4.225484283119446,0.4202467517140529,7.3990412076693035,14.873568853549003
735,9.180765521991507,2.8003732955048943,8.583416767991208,24.901464833538448
736,2.9221823046189774,9.107701616439153,7.5396190359678394,1.3196253329205647
737,8.049067768414385,0.180065556004545,9.62810357074026,26.125561543624173
738,7.266709920703232,3.047510953861333,8.29394664858847,17.55865979308586
739,2.8152119841492995,8.727538395661279,1.1258039041193701,1.7085718220848745
740,7.036859774607958,5.406984766449103,0.9653447019544081,14.285788491393816
741,2.41893828258839,0.1240403627731479,4.687679654645058,11.658209566627365
742,3.0126526076000038,5.983574842977588,2.972378077086172,5.2568829929849
743,2.9991911150698467,7.431931987316034,0.4814283597835345,3.999269374919495
744,9.028949951919872,8.522638743911815,6.678046832264065,16.481325426515735
745,5.932215701073843,8.923024981396523,1.8533017952871444,10.402374206666533
746,0.7896916219082861,2.395101699095381,7.945782787001903,5.141831679915109
747,0.34670266726483323,5.828068350834896,9.954375161913099,-0.5433810498279052
748,8.556960938375394,5.214456890435894,0.6364090928664234,20.00553683055197
749,8.313735143857098,5.989785081772105,1.1493299705956683,19.176453046811353
750,0.938572848233562,9.096268194365924,6.692002629380784,-4.275982280642553
751,8.292867993167555,8.789789002822673,5.717723520483222,16.03997883855239
752,5.174463517550413,4.304274103209902,3.169465877911193,14.420510764348071
753,4.345959608587117,7.738796557301564,6.019234310151315,7.648953712685102
754,8.925232899548462,4.433800143791878,6.07089578718754,21.262919606513492
755,6.313075530919887,5.916971623063255,7.026337730855163,14.043740196896914
756,2.374334683748063,5.123637775457906,1.0422480280834767,3.494329835062022
757,3.8451132764481253,4.876670686212644,6.522242595454725,9.333168678840815
758,9.505310525862035,6.0065106654835585,7.435939161765598,22.006066928937354
759,5.062660594952027,6.341040313763314,0.7093221613377343,8.177586771331928
760,2.54391580841847,3.618530932051387,4.724933550065136,5.855768558672146
761,0.45648745502383736,1.4002409755331768,2.7681430779130576,4.177790570176014
762,9.715326909010507,3.3134700710305074,4.820410581120825,25.011293440148833
763,1.9609771273839294,6.107800710757683,2.806832155159743,1.3636050301317988
764,2.0699257843842678,5.16572628445979,0.05505799160420821,4.364921648961104
765,0.07664032649225327,2.1906880910185778,0.3672136250082114,2.8142487159488523
766,1.0802575413069138,3.388606493387516,8.025856795798129,3.440046929223745
767,5.720486433693008,5.126677259564164,2.9348882320812164,12.393411872597163
768,9.317537194328164,3.9701504123719165,0.8709276679577149,24.578369617390674
769,6.170665161178013,1.138383934766014,3.452231428016921,20.716009294314112
770,5.074119387178088,8.742225246851758,4.935465803401186,6.711066687876573
771,7.022587660316643,9.928168389990704,1.3148911989798162,10.03050016564794
772,2.747315255195195,3.945760755976464,4.218281785388314,7.624582896228228
773,4.110210752655457,9.07611002556555,7.140326444668564,4.026165471212998
774,6.079052140907038,3.093727178627821,8.237903842212948,16.345760537250978
775,9.550605114849889,8.211982825502265,0.01565105191472904,19.761786548246672
776,6.36401370183407,0.5113538144210072,2.5760722033372185,18.38705358977267
777,0.5952470034777169,6.037954529493877,6.865899134926067,0.5608743981543087
778,1.1448763806590512,3.838388830449795,4.562365089555421,3.328804879437216
779,3.690530217609166,1.2102500048519305,4.1894779018747546,12.362532393638418
780,7.511780478084181,0.7100766453325547,0.8018001408190345,22.83812506658994
781,3.547712918359842,9.417257116189251,6.6857264672291405,2.5310031114930234
782,6.786699566725648,3.6191999083786497,5.9366079120853845,15.892507723314816
783,0.10131184027743378,6.360960464095422,9.132869475762368,-0.8849347287676859
784,6.125734683448192,8.736985934663451,7.239730554660938,9.871279219294959
785,1.2055841640369025,9.024533072858418,0.6644384435577488,-2.37247714689047
786,5.3396747254776376,1.4213712379345766,0.11706610730904066,17.595091098746646
787,4.22034260127639,2.9504070765415626,4.86000493797603,10.989205553780799
788,5.771998867345508,0.4373907230894736,1.2300329512374564,19.37860019969163
789,5.586423964504253,3.4316735317265823,7.29173487549448,14.580410582289941
790,6.522916485919397,8.456043629899067,6.924928266692253,12.006809634136106
791,4.299310773901482,6.729666223944324,2.753811742554185,5.5454500456690194
792,3.063134987782127,7.889851599207933,4.4641951640158215,3.090921250164529
793,7.983803405183525,8.224223736682784,8.575623376612837,14.48761937315551
794,9.166352358412073,4.309852205132962,3.188668183211388,23.17632120050478
795,5.821987465941138,3.711724234376276,6.010741668002329,15.570943770969514
796,7.055858626438246,6.884050184921369,3.7455288702012135,13.671160449367944
797,1.6686020169875282,4.305293384622075,1.4259414408190874,3.2929791167462854
798,8.900970351838083,3.458774607378574,1.5445974722332378,22.99123098218359
799,0.2544775990575088,6.458223862864843,6.369023174547433,-3.010316865109248
800,3.406041665812917,0.7171188884765101,4.096288948952321,13.496545193812608
801,3.1121749506339356,6.7712063973500936,6.057792494526904,4.28578249931728
802,3.6459372819754,2.178925542549901,9.880359661555918,8.593144334556976
803,4.540016211961149,6.88274235780237,1.4055296757836078,7.715927643918221
804,4.855896996593978,0.27536719869465487,5.054551179104499,15.770758032207386
805,9.640174071177023,3.8420671298580023,0.38996012574911587,22.85867880665201
806,0.3095579091934353,3.879867599468695,1.6002493646319405,-0.11937298460141821
807,0.23352096328185912,7.562136139501768,4.585230088818907,-3.381352487364503
808,2.8924477197265452,9.000831830164808,1.161389602005256,2.7587619313668252
809,9.559188289553193,3.139667173773528,8.884036723086812,25.443554589219726
810,6.029428764794615,8.267073597414875,9.840131632104644,9.546580206872951
811,2.8840543781874572,9.61135485407593,3.8948189490242036,1.1324143157482296
812,3.8551190473692234,3.403871042545057,5.414076073475852,10.094062057149998
813,1.541450431784871,5.537114853580112,5.41704812410004,1.5144878860028987
814,7.6190181260487,8.336499619375855,4.404413503124241,12.889383103637739
815,3.0233324935149373,2.5933489731709445,1.9462383670487193,7.694483659230491
816,0.5764758219902488,3.424479788347133,2.7024769213078326,1.9418901023996176
817,9.664173858664073,5.577088262500439,3.4727703903050755,22.625982221579786
818,5.80467600993696,1.391967013456955,4.4404374920220295,17.744705938679168
819,6.262343214210638,4.888978317924514,4.017788006543243,14.373117126069818
820,9.938483888996982,8.80314762148927,6.234059581594401,18.33668651600855
821,5.693773611822827,6.2066047982458405,2.0131210782243327,12.394754463347027
822,3.951377432643186,0.3945953289089932,4.7554603748682664,13.087797266970588
823,5.4302458395766315,2.277497361032096,9.640288471655138,16.61864567954654
824,9.09454610937242,7.221432354559059,5.333866287653626,18.068429429033454
825,8.69969159647685,1.3065234382346291,7.90509794274885,24.42896562795754
826,1.248208139668483,7.942106625494054,2.7576756825135695,-2.8767927920373326
827,8.770905810181889,9.440420938253979,1.4879596940511564,15.09735725266431
828,4.626756050653935,9.809873781626852,4.834074359731466,5.770354047160596
829,8.635475225145452,5.887315221313198,3.753299079196019,20.03953788573175
830,2.857835555258702,2.0322309108608727,7.617981913776973,10.684333907141742
831,3.8654050682302787,5.112754622007511,4.9232548000118195,9.05034967010062
832,5.772790292331313,8.655771456245523,9.807393435834294,7.941380154803284
833,4.075842085738169,8.27518922106303,7.645277946547177,4.92858892474223
834,5.735289514555733,9.56047143611933,2.004745155284028,7.085458933928672
835,1.0926421030962141,8.539619669554222,4.391498166337483,-1.1853634416854917
836,8.469688542070605,8.930902051954149,0.6245759361907144,14.260350246405224
837,8.834647629860607,4.483190553694222,5.104324890042323,22.60048809960756
838,6.265925110932102,9.263826067300867,0.1911609442976403,10.441175366677983
839,4.768434683178171,6.877220424305607,7.227069576982284,10.498042400494787
840,6.92532431537108,1.3443512940812186,2.9939558837168123,20.290402642900737
841,3.587155254170135,8.04437207679505,2.7875987241455302,5.02696380285144
842,2.1070496386720317,9.574480190380962,0.088632851134689,1.0598997047617678
843,9.978208556819782,6.768212988573956,8.28469299449117,21.206024128827007
844,2.9461939634619316,0.14315277667059978,7.3786951856153005,10.658661329117749
845,8.341445970006758,7.404761319535192,1.428502873008386,15.087891307666903
846,7.53427922256969,7.689227821076409,6.585405156700549,15.321336699993868
847,7.661159327955862,8.459214396777321,6.136041142374584,12.118690835698285
848,0.8860471396967906,4.876278096672109,0.7764933467160506,0.9912650802975234
849,4.075430310324308,4.071064891256277,0.6600984414024158,10.7406110933422
850,3.488205339694793,1.1099809879131484,8.082352100092221,12.573711700571119
851,9.476880259644707,0.7231647525793861,9.551152072917015,28.249847810200677
852,5.225765993367451,2.9956567795387388,0.7686207527616351,14.691916703772998
853,5.006242680704178,7.945155444907487,7.070864772666981,9.260285981184854
854,0.5022601146397376,0.7290183536790351,4.028732826326371,4.428511881445706
855,2.9529049404794327,2.3238432305604784,2.810044989087136,8.916655336067477
856,8.034827432968846,9.29228053631854,4.051026945275664,13.163672493569045
857,9.061110021324971,3.21495701247882,4.764369863437916,24.625018450200457
858,2.260289978159997,6.404760421758439,9.78981115174809,3.86541102768493
859,6.034930960433787,3.5781408411354887,6.478174459905284,16.244783711040387
860,1.2292067846538757,8.886590802653986,5.030839507798364,-1.4073983346601657
861,4.49349742039642,5.858647884535192,6.2478386278940246,8.025325222172437
862,0.7177580622651303,6.826172212234024,2.419316803155296,0.270212612533135
863,7.139526325065898,8.225347943841967,8.039585075525203,14.501636901766643
864,5.525009674078891,5.201698923107512,1.4287596133941172,13.30610747471396
865,7.753461504031356,2.7140938044671437,4.966954228179466,22.908540103488875
866,2.842740929275167,1.3382836299969314,6.2955769689173655,8.844288759513827
867,0.5433203482290383,7.486452341262,3.1758679526111666,-3.1498900752044565
868,0.0013469300448532007,5.111291392372298,0.46851908527603126,-1.8654858064165767
869,2.761695578208995,7.069764874557162,0.6268962162186587,4.142000419811236
870,8.393384923560024,0.03819922658583108,2.4682386920190225,24.887482497394917
871,7.409040561520714,3.162701497293068,1.0189238806601353,20.48485475638759
872,3.6023391880042785,2.7039328638452553,8.427119021605549,12.131664677393104
873,3.1334791758514315,7.889324717760072,8.918721448107348,4.0617111784004925
874,4.338174195765295,9.09943143854392,3.7731805396319285,5.209868786822034
875,9.640784164901081,0.8928952452557293,6.870192665032428,27.04261277704508
876,4.938140404569287,3.8764880545564706,6.327118787486009,11.84671437983009
877,7.038570916343312,0.04363269650309087,1.6695308874719872,23.793686960351238
878,7.130460506343187,6.663854135782064,9.660475051286772,15.608875306824823
879,7.61037790250783,9.50772707731338,7.02540501534807,12.577652744115975
880,2.9805220863944317,1.0536492225085647,7.818238633449356,10.76901660320991
881,6.441492214759159,0.4818601239329623,3.6005046590097836,18.49969051506697
882,9.567998154842861,5.0040114571020125,4.327291360197046,21.8443292199003
883,4.57699605159294,2.0888272400516374,3.6870717086479523,15.847316528060109
884,3.698132559871766,0.523550201874724,7.675676285179183,12.33661558642728
885,4.16504431903879,8.221798868164234,8.503480011198954,5.735931977020977
886,2.1199405469865806,6.573534821701285,4.722818041629817,3.419053554620109
887,8.80156737921485,2.157406791764541,6.778132003100442,23.160107629917384
888,6.077521222527226,2.953014775718328,1.3660090365117261,16.834895800237156
889,6.516397604772766,7.385974581323307,3.1562734376334998,13.365740051854601
890,6.448326040223138,3.9513090761150327,7.132068832826177,16.391743531127055
891,1.992152748940531,8.902150026361744,2.8740959646557975,2.1662048963840026
892,3.677859877561529,0.5809195208034978,1.115122123212764,11.82894701006143
893,5.158619027123281,2.675926767279715,8.354802257421944,15.744163976956424
894,0.14693388654953843,3.7909404867193617,3.3734554676909267,0.6454043949141479
895,0.19327630917601035,1.2436839900051022,4.136426749186352,4.762690139770578
896,4.928645844474467,4.042897472548691,5.309376784120938,12.911444795826984
897,5.951316749056815,0.0992382112783563,4.640951594535039,19.026049821998015
898,9.634992408875883,5.190322801295487,6.775422674589532,23.08809005309446
899,3.118638579168832,7.739913781527625,7.729214818761151,1.6507984586906415
900,5.212960476541389,9.760138232792135,1.2555021476265338,6.923482812574303
901,0.16947664889580993,7.701582117570959,8.071555373648826,-3.5200484528551006
902,1.2020722912057624,2.6558283295860607,0.1755236336662891,5.456846901154234
903,2.933086107805647,7.731418739186715,5.179605277125789,4.11313110757721
904,3.480955931682881,3.717392949063303,0.013536257154681541,9.60913813054095
905,2.9980052756523587,6.464587416379305,9.741944438163571,4.885597709274008
906,8.470608269838994,0.23594964645529126,8.985606046748394,25.01231276218984
907,7.83198413298626,7.803761235709804,4.579957590035715,14.503226085964833
908,3.980052929545028,3.029157288331926,0.6569485895436578,12.50187819804159
909,2.282353634936991,2.4660363497802464,4.840770697102016,9.182975873312161
910,7.4744440659669396,4.7380982839794665,0.5784444944716061,17.762281787829934
911,9.57789800988204,9.427243190941123,7.851895431484084,17.678055942829026
912,9.913279015642205,5.444823328002629,9.627683502532062,22.34479517050859
913,0.7560504061675077,3.656807482613713,2.253812680067658,3.674713881549758
914,1.9583308413427003,1.4080294889267608,6.224136415659967,8.871608540336418
915,7.813218557473051,5.782983994203606,1.4696270958820967,19.53468303710205
916,8.111237699334708,6.359547071637285,3.881657061269955,16.76831468519229
917,6.74130295536063,2.5990497924283282,3.451922084942105,18.35638973846936
918,9.174858431319903,2.905045056714204,4.699882681579366,24.682537932768287
919,8.901411373960146,7.077213502675274,0.6220322616470275,19.407361769415807
920,1.4730304427897034,0.07841590771916818,6.309217902291634,8.372809380163623
921,4.4767342541041835,1.3427485090227553,9.579341210567705,13.707576333979453
922,5.296597239456199,2.418932941128892,5.006035711547075,16.220181098209398
923,6.796203327351078,0.7623921797356448,2.74703815047892,21.796773065240505
924,8.069654908839937,4.596648704026612,5.465771420322949,18.741884726704182
925,4.328160022094693,0.4389994264300512,1.6574977982015593,16.649043544626167
926,4.455416387418909,2.0918546540792784,0.49979028659678737,14.798514092848741
927,8.436496640518238,9.811925291641158,7.931428739967394,14.451227748573997
928,8.53784921704667,2.419771303170454,9.606269755131997,23.520495341188166
929,1.9692570445342839,9.514298103618323,9.94819293965951,-0.9399573418903702
930,7.117228057460487,9.81143731791822,5.695397795671036,10.157642291893096
931,2.595417831760903,4.369958856656209,5.93560935378786,6.27462543057889
932,0.7308156202701499,6.223432646172461,9.811778367622946,-2.793463669340759
933,1.9010764978372763,7.925951162883833,9.078987937796194,1.1180054946355265
934,9.437015928202207,9.601356044054473,5.214596387214719,15.50941934519829
935,9.773079079915037,7.573102071344389,1.616714362369619,21.848395042603325
936,4.7690010646797,7.18331175372004,2.473403158190833,7.97240846326875
937,6.406151835488874,6.666004790466192,1.6269974380856589,12.804506858231576
938,5.650853124527563,7.716269109786077,4.988956645359419,9.239875973491111
939,0.12103116776107425,0.09038469079292177,3.570293439700122,4.9060774165291035
940,9.26194068431782,2.286767796036088,6.343636888716872,26.82926170069928
941,2.2207587069332058,3.216699896595486,8.48042089601484,4.204048234883352
942,7.288614422699469,0.9539927731321063,4.287020209864336,23.35371011507833
943,0.2916976364526447,4.80890146603009,6.62434011701068,0.2965858129972127
944,1.1850262359815156,2.8888493890916567,3.9783662550215695,3.288924675186585
945,9.195310246560497,9.93255015422964,0.44911298995615856,14.993903038276436
946,7.61007923495392,3.717240664023432,3.9245818622948003,21.240902317764885
947,7.542649733470227,9.184264321454087,9.509285945025484,11.89000026798793
948,5.771225860383208,3.571211593005028,7.875490858587792,13.989260228756027
949,2.5100138326230024,5.640740288335177,3.5857846152487314,5.643460777920023
950,6.566310737078761,2.403989128935069,1.9159294573482577,18.869542764260732
951,9.182390866754371,1.018036829495369,5.059579077349317,25.79640739495509
952,2.208527829630089,0.3892996332566745,0.3601881829142639,10.270784989571832
953,1.7522177210582734,8.667703545060002,2.8247874397702666,-2.046452635066597
954,9.504591705752958,5.816222929891936,4.366141897687661,22.88283314693468
955,5.800888346694546,5.166983852262677,7.587762537573251,14.363211208894288
956,2.8249606597285224,3.530503916003024,8.940943025332507,8.35780314893962
957,9.464565131504054,8.925582274864745,4.194479939573136,18.312375160169456
958,7.803655030068817,4.763357333010988,4.975398521461022,20.55429690042623
959,2.0468010905728393,5.911303032585165,1.8613589775334793,3.023125414718126
960,3.3156469906719375,8.550302016199351,2.0707580921085524,1.8468809318198203
961,0.7115828517343281,0.690075926128163,9.407845205031078,6.400339930814331
962,5.069204379618347,4.094120718170183,8.108785810079183,14.846113136778762
963,8.35825927910516,3.321910331156046,6.936180574737953,20.894596307189794
964,7.711228158518866,6.546506868659545,1.5159507480009937,16.060799387211723
965,8.75883083517057,5.390945527360087,2.8247242637000367,20.844388493195776
966,4.252281854376939,0.3757109039890738,1.2786680122241756,15.125946702149719
967,7.655467505158608,0.00011634755366141114,4.165658284822921,23.15622556545481
968,5.225101810855884,0.546344200009723,9.730781629723328,18.528999343358514
969,2.261253312496719,3.0419871963628085,3.0394251225502735,9.322789367623688
970,2.304166621173499,0.01473822086311416,7.293447940879964,10.938862146921918
971,9.668454997992853,2.242934832850451,6.630471918034225,25.575547405825592
972,7.418963269587151,8.484253790905248,4.226291970136091,11.817343099828104
973,3.0293090564042924,3.252951340230311,7.126213330985128,8.927707013955539
974,8.16779466505636,1.8161396775660266,3.7094100815776523,24.343996392877926
975,9.0194019674915,8.066935196947393,9.848584027624758,18.343350428887263
976,7.542482596820808,3.9319520102792227,5.906378339946378,19.135460238798093
977,6.610142542473203,0.7845581631712395,5.444969591038651,19.99461490858821
978,7.093208284726096,1.6732130400106038,7.806317174255572,19.633001431084423
979,5.8377278051411166,9.522217856975946,0.42422298206891695,9.00240941080654
980,2.6532613755546697,6.015538792998241,2.9655991220593068,5.328278508674371
981,7.144241640712422,7.59005282521931,1.0251596406647445,12.206810924827149
982,5.138544642067677,5.088905555910559,3.6928077021554104,13.329513916257206
983,9.32924862569672,8.275063198732212,6.972093819096368,18.96711694665715
984,7.143266357349976,4.617161438131191,9.209945210965758,18.717166812763303
985,6.945954272532854,7.289810616558165,8.616909037873452,12.274985192977221
986,2.74071589342191,8.07070903866703,1.9524060295649204,0.8011147317389005
987,3.453419522448878,3.356104542698427,9.785254683891406,9.457254045116786
988,8.565372237479268,7.011698615902597,7.270567616153901,18.502176681510246
989,5.6207279440257105,9.47090667108519,4.962587528823615,9.483092677689013
990,3.8051770986989455,1.63035336931591,7.86205652261058,13.262597617383403
991,7.344439320755915,3.8435503852413486,0.2519341395922936,18.506156562788135
992,8.389973277180108,0.11417983454073632,7.0369977962905095,24.811548183835495
993,9.70257109726057,4.376613281482035,2.349734049959528,25.234492378092135
994,7.0487101004338175,8.171281420155852,5.464303160778473,11.851532121146805
995,9.670352752561461,0.516687216579611,5.047955983045282,30.184325776280442
996,7.184539473225501,8.626404711491789,1.7925561190779005,12.325278379667093
997,8.000034817636815,5.527070757185452,3.965536819899632,19.958184208087346
998,1.3171502857909356,8.652957589089125,1.5727320817971535,-1.4117421023703312
999,3.0978785920909924,2.9004553196243688,8.714140341908543,9.12715460723578
